place_id,name,latitude,longitude
ChIJRSjAG-YJkEcRpBv-m8O5YjY,Fork & Bottle,47.3522444,8.524400000000002
ChIJm_745fgJkEcR7Sfw-_lSXWM,Le Rendez-Vous Restaurant,47.3654318,8.532108099999999
ChIJ_6GrrvAJkEcRbEdbC0ig34I,Bederhof,47.362445,8.526660999999999
ChIJT0NVxfUJkEcRPM_sNoLb8dM,Ristorante Napoli,47.36625269999999,8.521289099999999
ChIJoYZy2v0JkEcROnxiIee1OBQ,Seebad Enge,47.361634,8.5367532
ChIJy74ZZfwJkEcR1BAHSr04oSU,Il Tartufo,47.3601991,8.533370300000001
ChIJcxBubv0JkEcRQUelIBhj0KM,Quai 61,47.3588583,8.537005599999999
ChIJXazW8x0KkEcRvSTw70XimRo,Gran Sasso,47.3683364,8.5239583
ChIJKbCl-vIJkEcRIiEyuMsnSLk,La Penisola,47.3604627,8.5165679
ChIJb_oZR_kJkEcReD8oeXaQst4,San Marco,47.3634836,8.532362700000002
ChIJT39q1v4JkEcRRYMEZwpe-nY,Alden Restaurant,47.36461549999999,8.5341922
ChIJlyM2_-YJkEcRBjSFLEXJVBA,Muggenbühl,47.3509552,8.526610599999998
ChIJzUh2pvgJkEcRSUjUO7HOMWI,Almodobar,47.3669989,8.5332745
ChIJlWdIZ_wJkEcRxQgsRYjCSC8,L'altro,47.36001749999999,8.534011099999999
ChIJZUUO3AYKkEcRRlFHkWwQYhk,Bü's Hopfenau,47.3651643,8.5200902
ChIJy9PRlvMJkEcRic-il3Lc_2o,Walter Buchmann «Binz»,47.36254779999999,8.519186099999999
ChIJD-1rdvoJkEcRlQwkL1DtJxA,Don Leone Waffenplatz,47.361196,8.526721499999999
ChIJpeOtj_IJkEcRDXtWS8zd0uE,Restaurant Swaad,47.35929279999999,8.5162396
ChIJOaccpvMJkEcRtGjjQrTf12U,Utoburg,47.36160199999999,8.518017999999998
ChIJ98eZLPAJkEcRNqO1a-29hd0,Vapiano,47.35849770000001,8.5228671
ChIJf8PLzQEKkEcR_3clHl8w1lA,Hotel Glärnischhof by Trinity,47.3676085,8.5375134
ChIJiZ63bVOnmkcR3nQfpaHAHA8,"Ambassador Zurich Hotel, an SLH Hotel",47.36433359999999,8.547060300000002
ChIJUcV_VKqgmkcR6UeOjO7gNY8,Hotel Helmhaus,47.36919,8.544097000000002
ChIJcwrUclOnmkcR22XXM6a-Xrc,Hotel Europe,47.3642287,8.5472318
ChIJPadjE0anmkcRecMuhpORrow,Miracle,47.35454370000001,8.5560087
ChIJC_Gdn-gLkEcRjWBS-xdaZsk,Baur's,47.3676514,8.539178399999999
ChIJZ3R0RlOnmkcRDs0_uQnqgnM,Brasserie Schiller,47.3653662,8.5472383
ChIJzxVYF6ugmkcRCDe6d_JS4Gw,terrasse Restaurant,47.3678758,8.5444973
ChIJc5dGnKqgmkcR05-GwGl3ltk,Metropol,47.36822899999999,8.541417
ChIJs1urRqugmkcRA1ulmr2Q5wk,Sternen Grill + Sternen Grill Restaurant im oberen Stock.,47.36732199999999,8.545594
ChIJJ5DwPVOnmkcRg3Xv8R6KzGo,Tibits,47.3649874,8.5479572
ChIJg755c_8JkEcRVFGQH6PHN2k,Barfly’z,47.3659385,8.536818499999999
ChIJSfGzDlKnmkcR-JYhXFg-h3c,Ginger Restaurant,47.361837,8.550656000000002
ChIJy1roQqugmkcRBeCV-hePRf4,Rosaly's Restaurant & Bar,47.367419,8.545874
ChIJS3BmwHWhmkcR8dOctGNGp6Q,Altstadt Boutique Hotel & Bar Zürich,47.369342,8.544113000000001
ChIJ7efx8FGnmkcR-pWZlsfK3gA,Ristorante Amalfi,47.36069370000001,8.549890500000002
ChIJG9MPAaugmkcRKnfu7SKdUQk,Restaurant Le Cèdre - Bellevue,47.36866999999999,8.5443
ChIJURjFVQAKkEcRTu5M5u1JwMY,Coco Grill & Bar,47.3691031,8.5384697
ChIJaYOTL0SnmkcRV24v1qu7lE0,"Lake Side | Restaurant, Sushi, Tagungen",47.3528394,8.553839800000002
ChIJ44XXJk2nmkcRqAxAtPi-hb0,Bohemia,47.36480570000001,8.554880299999999
ChIJjw6GH0anmkcRO1HYRFv7q3s,Griechische Taverne,47.3555054,8.5568337
ChIJnTBduaygmkcROGPR79oygdA,"Outback Lodge, Zürich Stadelhofen",47.36696139999999,8.5477659
ChIJA9meCqugmkcRGMxn_Wsz5Bc,Weisser Wind,47.3688171,8.5454771
ChIJnehQHE-nmkcRIsHFFEjgA30,Totò,47.3580773,8.553796299999998
ChIJUTJTkwAKkEcRgRHInUwXiGw,Santa Lucia Paradeplatz,47.3700426,8.5398933
ChIJTfOtPaugmkcROQMNN5xmafQ,Felix Café am Bellevue,47.3674838,8.5447274
ChIJkavTbFOnmkcRfPtbdXVAL54,Ristorante Conti,47.3645053,8.547380799999997
ChIJrXjdVqqgmkcR_pcB-TeQjMc,Papa Joe's,47.36878,8.54462
ChIJmd-46qqgmkcROy088WzcWbo,Bauschänzli,47.3678338,8.542254799999998
ChIJi--VlgAKkEcRUkK9UpnXcdI,Zunfthaus zur Waag,47.37021910000001,8.5403261
ChIJFTaCRVCnmkcRSfu6Z_63jxs,Restaurant Kiosk,47.3581505,8.5478983
ChIJWbq3kDinmkcRguKvm-Iwgkc,Blaue Ente,47.35192869999999,8.561188999999999
ChIJQ4KjL02nmkcR9NB5d1g95Ho,Nooba Kreuzplatz,47.36513599999999,8.554587500000002
ChIJ5SS1VkqnmkcRWe1HCy_3SqY,Pimp your Pizza,47.3624095,8.561238399999997
ChIJiZ63bVOnmkcR56RYz-SGIYA,Silk - Restaurant & Bar,47.3643215,8.547065000000002
ChIJ75LIUlOnmkcRVrw6yT8f_WE,Mövenpick,47.366215,8.5468995
ChIJWVobtKygmkcRjf-dHUI1l2c,McDonald’s,47.366468,8.547650299999999
ChIJNVx2q6ygmkcR9KZlxwHN4To,Santa Lucia,47.3663855,8.5466932
ChIJ1d2JDaugmkcRvG2iNCdYZ9I,Blockhus,47.36817549999999,8.5451794
ChIJ05eFVEynmkcRDP33-02W4vA,Ländli Züri,47.3628096,8.554562399999998
ChIJWRqq0qygmkcRwJ3WaiE_PCw,Restaurant Weisses Kreuz,47.36609989999999,8.5487302
ChIJ65HtNjSnmkcRnvtzr062TdQ,Antiquario da Marco,47.3608647,8.566553899999999
ChIJjQ4qK1OnmkcRRtPQlx6SE2s,Commercio,47.365959,8.548955
ChIJ4-Ol8zunmkcRhH8OEvDt-Lw,Obere Flühgasse,47.3502909,8.5672455
ChIJDb8QVMqgmkcRSipZmZtf6-0,Restaurant Sonnenberg,47.36737249999999,8.5676744
ChIJh3TsCVKnmkcRPPFzTrImq0M,Tiffins Asian Kitchen,47.3618925,8.5510282
ChIJe2fw0zWnmkcRj9Mb5u8C7Lg,Restaurant Marcellino Pane e Vino,47.3602056,8.565570499999998
ChIJ5fkhIUmnmkcRsKa_icA6Xwc,Blinde Kuh,47.3582664,8.557257699999997
ChIJtU0rb0mnmkcRJKDNUwwKVPQ,Neumünster,47.3595784,8.5585001
ChIJWW3Q9kinmkcRxmji3DT8vwY,Hammam Basar +Salon,47.3570583,8.5585656
ChIJlQm8oUmnmkcR8fIAiP0ebjI,Cafeteria UZH Botanischer Garten,47.3588955,8.559681
ChIJayI2Nz-nmkcRMxOGvQ7ZTvE,Spuntino,47.3546301,8.557684099999998
ChIJwVmBE0anmkcRQTZ1368tMQ0,f39,47.3546049,8.556142099999999
ChIJgQUeOEqnmkcRAdMFf9DxJx8,Restaurant Misoga,47.36141199999999,8.560882999999999
ChIJYd5OEkenmkcR1X8B0GbJIzA,Shell,47.35220889999999,8.558570399999999
ChIJiUiUL0SnmkcRLKxUk0xSn3E,RibShack,47.3528628,8.5539115
ChIJ-WSwEk6nmkcRRRTihA_uxhM,Stripped Pizza Seefeld,47.360225,8.552119
ChIJrReLCE6nmkcR7N5CTTTIN2E,Razzia,47.360761,8.551613
ChIJtZedJTWnmkcR2X_HM6lupa8,k kiosk Klusplatz,47.3640842,8.5664465
ChIJ2W5S3T6nmkcRrDutbFAPWo8,La Trattoria Blumenau,47.349054,8.563227999999999
ChIJS3s06D6nmkcR_XifUtpaysY,Ristorante La Zagra,47.3489007,8.563329300000001
ChIJnVLWAk2nmkcR5oMhv6bt4Q4,Giusi‘s Ristorante-Pizzeria,47.3637773,8.554541200000001
ChIJ84a2izynmkcRblAsn3Zdrow,EPI Park Restaurant,47.3487752,8.5682879
ChIJLeko4iahmkcRJxk7wNvoN7k,Lemon Grass,47.36618259999999,8.5572351
ChIJkYsAQrOgmkcRaYFAcan6wbQ,Europa Restaurant & Live Music,47.36664500000001,8.557582
ChIJNcUSRVKnmkcRNgbWUXQ0vk8,Gainsbourg Bar & Event Location,47.36294639999999,8.549320999999997
ChIJAQ6pZLSgmkcRnCN_tPb8G30,Römerblick,47.36802099999999,8.559868
ChIJCSrE-VKnmkcRpRvtlRaEt6U,Bimi,47.3650713,8.548339499999999
ChIJb0RHhbWgmkcRL6oanA1tMzI,Shell,47.36790999999999,8.564432
ChIJMcJQ4kWnmkcR3gnGW8HAyos,Enoteca Riviera,47.3550003,8.5550088
ChIJqSw7QySnmkcREBm96Izphog,Quadro,47.35067590000001,8.575944900000001
ChIJ4TgY87KgmkcRIaCAdqPoHrM,La Mirada Pizzakurier,47.3677766,8.5545936
ChIJOa4HNKCgmkcRXh4VYLkhtgc,Cheti's,47.36502789999999,8.5486234
ChIJYWLEdUenmkcR5xdrwE-UoMs,Restaurant Tüfenegg,47.3553327,8.554131799999999
ChIJV6POMVOnmkcRu5EGkKFQrtI,Kaimug - Zürich - Stadelhofen,47.3653841,8.5479232
ChIJe6LeMFOnmkcR2cOwloDyUaA,Migros Restaurant - Zürich - Stadelhofen,47.3654649,8.5479404
ChIJn5mMWjunmkcRfsS7gs9_8d8,Tennisanlage Lengg,47.3500744,8.5710253
ChIJH5lL-1GnmkcRusJFXgS8qrI,Capri Bistrot,47.3603824,8.5502159
ChIJxxnI60inmkcRUrB2TeZqxzs,Restaurant Gandria,47.35697099999999,8.557530999999999
ChIJUReM0aygmkcRcRGTDNHGvyg,Brezelkönig Bahnhof Stadelhofen,47.3664114,8.548800900000002
ChIJ3RePpkinmkcRdw48OCGgMUc,Metzg,47.3558823,8.5564254
ChIJLZuHXFKnmkcRIxrG1GAwd1s,Suan Long Seefeld,47.3629683,8.5497116
ChIJe1jZiyAKkEcRw3zzUjYLWeE,Hotel Neufeld,47.3695504,8.513715900000001
ChIJlbiAmAYKkEcRPVcmFNjjHyw,Hotel Glockenhof,47.37290499999999,8.536533
ChIJnfoNvgQKkEcRt0g7rQ2msxY,Helvetia,47.37308059999999,8.5316546
ChIJj0XE0AUKkEcRPX86cWdJQiE,Hotel City Zürich,47.37487600000001,8.536415
ChIJE_JZQxsKkEcRJF8kgqWKQBI,Masala,47.3729916,8.5290354
ChIJ_whoHxsKkEcRYRhSFKK_XQQ,Don Leone,47.3746201,8.529057599999998
ChIJ7ae3rwMKkEcRJvQWk0SXx1Q,Nagasui Restaurant & Take Away,47.3702558,8.5328951
ChIJ7ZMwUgEKkEcRjV6Q7jc2y1I,"Kaufleuten Restaurant (Kultur, Anlässe und Bankett)",47.3716391,8.536362500000001
ChIJAzYYmBsKkEcRnXMcR6ZJ3F8,Restaurant Le Cèdre - Badenerstrasse,47.3738896,8.526570099999999
ChIJ57PB_RoKkEcRNlgLScX1wdM,Fribourger Fondue Stübli,47.37503,8.528168000000003
ChIJk8kDXxoKkEcR3ZY2CS8nLUA,Ah-Hua,47.3761282,8.527922300000002
ChIJtwgunwYKkEcRhBQ0vi_9kHo,Haus Hiltl,47.3733026,8.5366792
ChIJmx-bphwKkEcRaYZra_sl-JY,Casa Certo,47.372212,8.528919
ChIJO_apuSEKkEcRvHz6cQrBRms,Restaurant La Côte,47.3718032,8.5159273
ChIJfbuY96egmkcRHsT88ca1g_s,Central Plaza Hotel,47.3772278,8.5437975
ChIJF45_RwcKkEcR66MRpRfBqCY,Kindli Hotel,47.3724547,8.540644700000001
ChIJFx0eqgAKkEcR9YDVzWpXjyc,Storchen Zürich - Lifestyle Boutique Hotel,47.371281,8.541774
ChIJTwygRaigmkcRTRIWwnPNqAI,Hotel Scheuble,47.37443429999999,8.544882599999998
ChIJkbWbuKmgmkcRBeCnG46Ek4w,Vienna Hotel - Wellenberg,47.3730278,8.5439282
ChIJW1XJzqmgmkcRx-_afBnwnJY,Hirschen,47.37338599999999,8.543574999999999
ChIJUQg6sqmgmkcR6ez9jzpie6c,Barfüsser Sushi Bar & Lounge Niederdorf,47.37354029999999,8.544040299999999
ChIJX7fB6wAKkEcRhpTedk8sztg,Zeughauskeller,47.3704208,8.539974200000001
ChIJO1F5rwAKkEcRJ7H4nRupWr4,Veltlinerkeller,47.37096469999999,8.5411972
ChIJraTDVgYKkEcR00THymbQihE,Jules Verne Panoramabar,47.37435079999999,8.5393968
ChIJ0a66IqqgmkcRxtP4EjFt_qc,Negishi,47.37084259999999,8.5435412
ChIJi7Jik6mgmkcRZeF32YkNNKc,Santa Lucia Niederdorf,47.3721798,8.5437228
ChIJXT485wAKkEcRmYgz1gFYLGA,Bärengasse,47.37028029999999,8.5387162
ChIJ27YcvwAKkEcROpgKdGSEyA4,zum Kropf,47.37067500000001,8.540208800000002
ChIJ59SItKugmkcRbhp5qQhRE3U,Karl der Grosse,47.3697369,8.5446686
ChIJ2x3-1gYKkEcRswSOD1ORE0k,Cantinetta Antinori,47.37226090000001,8.538782099999999
ChIJ3RoCHqqgmkcRE13hxp_RiaY,Zunfthaus zur Haue,47.37138890000001,8.543055599999999
ChIJyTQjiKmgmkcRE-TPegnxLhQ,H. Schwarzenbach AG,47.3713902,8.543907500000001
ChIJK2-xjw4KkEcR5McDNkueVMI,Sala of Tokyo,47.37621049999999,8.5401994
ChIJoTAix6mgmkcRzhW9Reuf0Vg,Spaghetti Factory,47.3729008,8.5437045
ChIJeaFAPaqgmkcRmg0dOvPhwE0,Zunfthaus zur Zimmerleuten,47.3706279,8.543341500000002
ChIJraTDVgYKkEcRLTDxdibbmi4,Brasserie Lipp,47.37437449999999,8.5394897
ChIJgQWJdKmgmkcRifMHdrCyfdk,Kantorei,47.3724339,8.545584999999999
ChIJqyKFr6mgmkcRETGwPGkEL9Y,Wystube Isebähnli,47.3731806,8.5449222
ChIJ6ZvAramgmkcRet_HlyCjmYY,Zähringer,47.3736053,8.54485
ChIJuYDwBKigmkcRFafCuz_7zRo,Bierhalle Wolf - Oktoberfest 365 Tage im Jahr,47.37584,8.543771999999999
ChIJ1T3VGwcKkEcR5ZEk6K1bfEg,Club zum Rennweg,47.3732277,8.540046599999998
ChIJXeB5Fc-gmkcRAUEVByhxN5o,The Dolder Grand,47.3727455,8.5731945
ChIJxdFUR9KgmkcR5Teka46fPFQ,Degenried,47.36738389999999,8.5792287
ChIJg1ZxPaygmkcRWSybzKSHlhU,Santa Lucia,47.3701185,8.549145600000001
ChIJr5rzOqqgmkcRYqfno8OTC1c,Restaurant Le Dézaley Zürich,47.3706218,8.5438887
ChIJUc8n4KqgmkcR0pKcodPKc88,Pier 7,47.36780900000001,8.5436053
ChIJ68Be562gmkcRamHPMmoGRAg,Wolfbach,47.37030650000001,8.5522966
ChIJqcvfe7GgmkcRy90dvmld060,Kafi Paradiesli,47.3708373,8.557212000000002
ChIJH4XGUqqgmkcROia7W1ypLiM,Ban Song Thai Restaurant,47.3694296,8.5442553
ChIJVyhQpamgmkcRbttRg83N9a0,Madrid,47.3732415,8.544659899999997
ChIJhdmJF6qgmkcRm5seb1JIvRI,Haus zum Rüden,47.3708651,8.543199500000002
ChIJ-RppE3MKkEcRG0YzQFAvt1s,Hotel Krone Unterstrass,47.3880157,8.539118400000001
ChIJrQKf6wsKkEcR9P8wQBd1Hxc,White Elephant Restaurant,47.3827927,8.5402781
ChIJXbYyWgoKkEcRAo4pokvwlzc,Mesa Madrid Restaurant,47.3833877,8.543190300000001
ChIJMRcesAsKkEcRYEUf90e-Bsc,Drei Stuben,47.3832725,8.541609899999997
ChIJ89b43A8KkEcRO0Xx4rAWdjY,Loft Five,47.3784071,8.5338088
ChIJfS-CnwgKkEcR4Ho6ZsOm_SQ,Walliser Kanne,47.376724,8.53884
ChIJeXm93wQKkEcR9MeSrdfl2LI,Bernerhof,47.3745917,8.5321194
ChIJnYmXwwkKkEcRGgEq0XnQBx4,Casa Ferlin,47.379847,8.543391000000002
ChIJU3A4dQQKkEcRLkWKiVVcMWg,Paddy Reilly's,47.3722027,8.534594199999999
ChIJiWxQjAQKkEcRtaytpXdhhqY,Swiss Casino Zürich,47.37325389999999,8.5327505
ChIJzfXvJGsKkEcRXdxK_k7BqT4,Markthalle,47.38759,8.526071700000001
ChIJ26B2bRAKkEcRtyARuN37eW0,Viet-Thai,47.3780806,8.5300139
ChIJ6X3v_T4KkEcRxxW1vn1YENU,Restaurant Rosso,47.38541399999999,8.5182748
ChIJ32ghrAUKkEcR0LFqAAAn27o,El Lokal,47.3743543,8.5336143
ChIJtxUgZg4KkEcRKPW3YEvB_lQ,Al-Mouchtar,47.3809081,8.534734399999998
ChIJYyu-4g0KkEcRg0hosH189t8,Vulkan - Indian Restaurant,47.38201039999999,8.533654400000001
ChIJa_xULiMKkEcREJP_a6KdM7c,Café Boy,47.37789189999999,8.516025599999999
ChIJVVmNzxYKkEcRnwlVchowtgk,Piccolo Giardino,47.38080660000001,8.525762199999999
ChIJ1Vmi3BAKkEcRlFtag-rwAow,Bar Rossi,47.3794738,8.527207200000001
ChIJ28ptTHUKkEcR6SwSvGIIh-4,Kreis 6,47.38615149999999,8.545218799999997
ChIJ7X4FVqCgmkcRqCPsrwv6_h4,Linde,47.38343699999999,8.547995000000002
ChIJJ5GeMKCgmkcRbLvoy2R_iYU,Restaurant Alten Löwen,47.38506220000001,8.5481679
ChIJl2mcrAgKkEcREZACW5Xh4HU,Restaurant Schützengasse,47.3771148,8.5375415
ChIJM5RtiqegmkcR9XUKbz5HvWE,Restaurant Commihalle,47.37774599999999,8.543864
ChIJu7X956CgmkcRCa4LGd0bo8o,Ristorante Stapferstube da Rizzo,47.3822325,8.547396299999999
ChIJMcXzDqigmkcR5VaD9YMFsFQ,Rheinfelder Bierhalle,47.3759083,8.5441704
ChIJ7wPV_KegmkcROQVzMWA1W2g,Weinstube 1923,47.37646720000001,8.544085
ChIJA0SRCKigmkcRZoddSfBp8lM,Chop-Stick,47.37612,8.543800100000002
ChIJJQWeaqigmkcR57GwNe8FHgA,Walliser Keller,47.374996,8.5444818
ChIJDxgvDqigmkcRKLsszTuuF5Q,Restaurant Brasserie Johanniter | Swiss Restaurant & Eventraum,47.3757785,8.544113099999999
ChIJWYGt0QkKkEcRZrk65oCnca4,Bombay Karachi,47.37928840000001,8.543591500000002
ChIJfbuY96egmkcR1Zkx9oqpPuY,King’s Cave Restaurant,47.3770831,8.543692000000002
ChIJRXrTLKagmkcRrz5S079asYo,Mensa Polyterrasse,47.37647689999999,8.546670299999999
ChIJK_GNGKagmkcRQthRadUbgao,Dozentenfoyer HG,47.37639300000001,8.547994
ChIJG7Yh0amgmkcRI7GI0awSb-o,Ristorante Bianchi,47.37354209999999,8.5429627
ChIJQXlfQaigmkcRyl3F5S0b3Z0,Raclette Stube,47.3747571,8.544810600000002
ChIJK_CetqSgmkcR9YThi0vwHSU,Convita Bethanien,47.3793134,8.556142099999999
ChIJwcvP9KegmkcRi0lMyqj6hyI,Positano,47.37750279999999,8.543925400000001
ChIJZecLQaagmkcRjKxxhotcS_8,Tannenbar,47.377446,8.548049
ChIJV1Vnrr-gmkcRH2kzttBYdlY,Chalet Züriberg,47.3822673,8.5674182
ChIJawXKtq-gmkcR8RvbRRHZBCI,apoTHEKE,47.3735456,8.552859600000001
ChIJOabxY6GgmkcR8Z5D6GnN_zQ,Cafe Bar Meierei,47.3823,8.5508657
ChIJVSAC9qagmkcR0GrHonwlytU,Domino's Pizza Uni,47.378488,8.547943399999998
ChIJq7mo8KagmkcRKl-X9nZqxqU,Klara's kitchen,47.3788103,8.547900199999999
ChIJUz4CJqGgmkcRJPathEIq_JY,Rubina Restaurant & Weinkultur,47.3816012,8.548347399999999
ChIJw_lO5aagmkcR_akzHOtzPNY,The Alehouse,47.379121,8.547906
ChIJTXf7bkyhmkcR1ImE305ohMc,Rechberg,47.3740371,8.5461951
ChIJFfGVc6mgmkcRx3Q81JZhASs,Shui Tang,47.37226,8.545630000000001
ChIJrTC1AamgmkcR0gysGXWqTW8,New Bombay,47.37362659999999,8.5457229
ChIJmRD0bKigmkcR6IMGOJtNePI,Holy Cow! Gourmet Burger Co. ZÜRICH ZÄHRINGERSTRASSE,47.3754531,8.544748700000001
ChIJ5YdkeaegmkcRntSrvuif-nw,Orient Catering,47.3786807,8.544514099999999
ChIJYxyJfKegmkcR8-P_t51dxTM,Kleine Freiheit,47.37915760000001,8.544535100000001
ChIJf9rQEaigmkcRLQFACZtEPhc,N-68,47.375648,8.5441121
ChIJx6G8PVKnmkcRKVm4bCNOMk8,Mohini,47.378238,8.544086
ChIJnbs3ZamgmkcRqAMSvICAIzU,Restaurant zum Grünen Glas,47.37154,8.545748
ChIJk6luREgKkEcRcQkMKzY5-as,25hours Hotel Zürich West,47.3909662,8.509516399999997
ChIJWxeh7AAKkEcRkYBoJQ5gnJY,CLOUDS,47.3860056,8.5171572
ChIJ7e10j0AKkEcRJwqD0PC3zpo,LaSalle,47.3887016,8.51893
ChIJm8s4jnIKkEcReH2cc_uIteM,Café des Amis,47.3886705,8.5360746
ChIJmXpx0UAKkEcRgXAl-W1ymbM,Angkor,47.39025720000001,8.517230300000001
ChIJlTRVQUEKkEcRn7bmoPCCQHM,sphères,47.3920621,8.5188165
ChIJBwlLA0AKkEcRUufCJf_iFCk,Billiardino,47.3883807,8.5223421
ChIJyxjjDEAKkEcRpPZ0Vwvz-as,Nooch Asian Kitchen,47.3886254,8.521213399999999
ChIJ5TIRVRMKkEcRxW3YNi-LVps,Alpenrose,47.3871669,8.528477300000002
ChIJ_Wco1BMKkEcRPUh7lCAFhik,LILY'S ORIGINAL,47.3825379,8.5296603
ChIJ__KkZD8KkEcRtFIpA8nkRbc,les halles,47.38782940000001,8.5186164
ChIJ_5GXzWoKkEcR4_b1SxT7cYw,Don Weber,47.3878575,8.5244445
ChIJkeyI1BYKkEcR21q9gWkRGX0,Toro Bar,47.38034469999999,8.5261035
ChIJtZm8sBMKkEcRqOOKYHN_IlU,Santa Lucia Limmatplatz,47.38390870000001,8.529582399999999
ChIJL1PWR2kKkEcRXo_Cz2BA8EY,Nordbrücke,47.3933386,8.5294512
ChIJfUqc00EKkEcRGVd4dZ0E2vU,Spaghetti Pomodoro,47.3903283,8.522816299999999
ChIJrYZ50hMKkEcROYGsDfIAA_A,McDonald’s,47.3828775,8.5298801
ChIJt_XAvhAKkEcRl7n7Rc4lXLg,Gambrinus,47.37873190000001,8.5269793
ChIJoWy-nD8KkEcRkhIPJ7A7b5k,Big Ben Westside,47.3872942,8.5195782
ChIJQ6sIrRMKkEcRjuLcQxaLRWE,Cucina,47.3841654,8.530408299999998
ChIJez42yxMKkEcRa_avZIPK520,Cinque,47.3832624,8.530179500000001
ChIJwSv9pDgKkEcRZC_vlC--xYk,Equinox,47.3881085,8.5146265
ChIJU2Z5yHMKkEcR30xxkEhXLrU,Thali,47.3903311,8.5392156
ChIJfYsbtWsKkEcRxDSTi3PGeSg,Taj Palace,47.3910164,8.5264819
ChIJL4QTlRMKkEcRbVeXX4AhV3M,Eisenhof,47.38365239999999,8.5287446
ChIJNcjw_Q0KkEcRuixeAWPR2oM,Tant Pis,47.382003,8.533263999999999
ChIJFTYAvhMKkEcR32AlJ-qx_Xk,Josef,47.3839061,8.528960500000002
ChIJF3xQ0hYKkEcRyWHOIG5GKvc,Roi-Et Thai restaurant,47.3805684,8.526167400000002
ChIJdQ09CGkKkEcRZrlHe3TOrqI,Filo Pizza (ex. Flying Pizza),47.39409989999999,8.527508599999999
ChIJoaQ8MKigmkcRxSHXctRBTp8,Kormasutra Indian Restaurant,47.39245930000001,8.534605700000002
ChIJH58LiRAKkEcRsXR9dkCeniM,Exer 136,47.3783671,8.528607400000002
ChIJs_OWURoKkEcR8RJv9PVNPHo,Restaurant Volkshaus,47.37559220000001,8.527135000000001
ChIJ6zE6eXUKkEcRWjHRTIkd9RM,Kafi Dihei,47.37527590000001,8.5132387
ChIJh2o3aA4KkEcRrwRUhRvr3pY,Yoshino,47.3807658,8.5345507
ChIJMzBL-xoKkEcR6zmxgZUGgO0,Accademia Del Gusto,47.375336,8.528665
ChIJM3RDfBkKkEcR0aoCMEVdcCQ,Suan Long - Langstrasse,47.3748621,8.524341999999999
ChIJhT2dLhcKkEcR4DuYz0hnSpI,Eichhörnli,47.3797005,8.5256936
ChIJZaOk5xoKkEcRxEhhNLnNFtQ,Daniel H. Bar & Restaurant,47.37540509999999,8.529297299999998
ChIJsdVzuUAKkEcRLUcQUVKQNRs,Aubrey,47.38914729999999,8.517718900000002
ChIJVdEGKxEKkEcR7mK3GLVS44M,Phuket Thai Food,47.3802404,8.526382699999997
ChIJ22arZxIKkEcRTIlu1nrGqxE,JUNG Limmatplatz,47.38409499999999,8.532062
ChIJtYiWwyMKkEcRod3czlc3fDI,Bertabar,47.37443549999999,8.514149999999999
ChIJHRtC32oKkEcR4smxnTizITU,Costa Brava,47.3884769,8.525655400000002
ChIJp8WOGskLkEcR329E13qhbyo,Akaraka,47.3747006,8.529492199999998
ChIJo3J7mT8KkEcR8zeO07QoZyc,Kantine / Bom e Belli,47.3867205,8.5206275
ChIJN9yeKwoKkEcRNbo_9sZhseM,African Queen,47.38164330000001,8.542166400000001
ChIJH1JagAgKkEcRbjXehxtS6qI,McDonald’s,47.3767013,8.540348599999998
ChIJ3dqYjggKkEcR4IjR6n6GLnU,Brasserie Federal,47.3780405,8.5407522
ChIJP_cBiAsKkEcRZjHiBwOaIDQ,Dynamo Jugendkulturhaus - Restaurant Chuchi am Wasser,47.38306069999999,8.539629099999999
ChIJy1B14goKkEcRpVv9QCDoprQ,Stocker,47.384585,8.542708000000001
ChIJdbDKLpmgmkcRr325jFPIhu8,Rigiblick,47.3884044,8.553248100000001
ChIJM_09lTShmkcRt1xP6kIEMxE,k kiosk,47.3859406,8.548731499999999
ChIJx5Z82HUKkEcRqtqPV9BRlWU,Moudi's Lecker Garten,47.39089439999999,8.545619600000002
ChIJk8wsHAsKkEcRIoDxBImrItU,Azzurro - Genuss pur!,47.3846952,8.5426211
ChIJX6DKpQwKkEcRXCTVFEhhqvE,Rollerei,47.3857241,8.539535299999999
ChIJi4hHCnEKkEcRQHlzxL7YHcE,Libanes Take-Away,47.3929049,8.5393326
ChIJhYCKxA4KkEcREQHnXA3XN-M,St. Gallerhof,47.37997459999999,8.5373982
ChIJ--WRXQ0KkEcRdX_sa5zchOY,Panama Bar & Grill,47.3850089,8.535687800000002
ChIJfbuY96egmkcRYVcU-7bOOpU,Central Garten,47.3770561,8.543546599999999
ChIJq5-Z5AgKkEcR-sYcisozz68,Brezelkönig,47.3787064,8.540131299999999
ChIJ1dDxWAgKkEcRejwNn4rl1RA,SBB Restaurant Oase,47.3782404,8.540676699999999
ChIJz9PHjggKkEcRSUhLRGHscNM,Burger King,47.3784839,8.5399946
ChIJAWeHCeugmkcRcla1cYg1_hg,Himalaya-Grill,47.387316,8.573873899999999
ChIJuWu30OugmkcRME1EmE4-X2g,Afrika Kiosk,47.3866515,8.57622
ChIJJYJIv-ugmkcRyxfGqhd97RM,Altes Klösterli,47.38708399999999,8.575486999999999
ChIJGVh7cKGgmkcRlS5YHY80VuQ,dieci Pizza Kurier Zürichberg,47.38271869999999,8.550540999999999
ChIJJXeRI6egmkcRaeGi73XM24g,Haldenbach,47.3799523,8.546903799999999
ChIJR2XxHqegmkcRInCoQuKsdCA,Edi`s Culmann Restaurant,47.37962,8.547101200000002
ChIJF-gtuKSgmkcRCCB8Jx-7tlE,Okay Italia,47.3791771,8.5555496
ChIJwxmP0aagmkcRuwANkhWVvRY,Al Forno,47.38057430000001,8.548301799999997
ChIJRz4i96agmkcRsJWSMxTaIiA,Hot Pasta,47.3786876,8.547912400000001
ChIJ9eJIRrQLkEcRnz85gfz6Iws,Gondel Gärtli,47.3882558,8.5535396
ChIJB-pYQ1KhmkcR5lkdLsxsPqw,Zurichberg Restaurant,47.3824949,8.5671375
ChIJE0QQbOKhmkcRlzOJPgKH33M,Pantanal,47.38436910000001,8.5738642
ChIJg4cI3ssLkEcRo8BV05VrH0U,Anoah,47.3848784,8.548624400000001
ChIJyyb8oIuhmkcRFT9DScKSYSA,ORA Pizza & Pasta,47.3849949,8.548576599999999
ChIJk0JaeQChmkcRjbsCquBJ3D0,Zoo Caffè & Ristorante,47.3843933,8.575218999999999
ChIJX36n3pahmkcRagKHqx3ogcU,Burger Boutique Züri,47.3839665,8.5480536
ChIJ3YCA34YKkEcR_GFpgoOHp4o,thaiKo,47.3872609,8.5470396
ChIJT7hxb64JkEcRAXnGfKzggWc,Borderless Kitchen,47.38208179999999,8.5483313
ChIJt2wKaEyhmkcRzHL_vke1SsM,Thailodge,47.3882881,8.577105
ChIJHVGKVumgmkcRvMPY8xbi0Sc,Pranburi Takeaway,47.38826049999999,8.577458900000002
ChIJhVVA6I6hmkcRs3eGGw-Li7Q,Grain Craft Bar & Restaurant,47.376157,8.55939
ChIJgdnP9GehmkcRXCNf3UPcwKo,Berg 8044,47.377557,8.5705063
ChIJITXWPZehmkcR8mlOGc_rh_Y,Bistro nord,47.3786472,8.5507496
ChIJM8DBHvahmkcRVkHKcB6RXt0,Archimedes,47.3773274,8.553409
ChIJRe04fVmhmkcRwI_JmMNUNFk,Züri Bistro,47.3805634,8.548015500000002
ChIJ__9WwN-hmkcRu-2d14eM8j8,Masoala,47.3842438,8.577881900000001
ChIJB_9hcrqgmkcRotnOI7okW38,Pick Fresh,47.375603,8.559643
ChIJc3LZLqegmkcRb-wVND3NCTI,Bamboo Inn,47.3805361,8.5472013
ChIJq6qqqnUKkEcRw43zGs7kxLo,The Lemon Grass,47.3796383,8.547922599999998
ChIJvycFZwChmkcRl4z49CMW6Hw,mi-te | vietnamese fusion-cuisine,47.3792565,8.547931300000002
ChIJiYNvCBmhmkcRvqjP5R6O9Q4,Rory Davis,47.3800281,8.546984
ChIJs5-CacqhmkcRqsLXrhVrmY8,Bistro Fontana,47.37974759999999,8.5469245
ChIJ83kGUU2hmkcRQm2SyvZcNRA,TINYFISH - Zürich Sonneggstrasse,47.37845189999999,8.54782
ChIJXYUaWaagmkcRE-V5WWMQzw8,Oberstrass,47.37827259999999,8.547964799999999
ChIJFR88agoKkEcRrtZJ8tIUdcU,Klara's kitchen,47.3827207,8.5438472
ChIJ614I9RALkEcR4tchxRdpeiI,Mundo del Gusto,47.3969487,8.548753299999998
ChIJffLOb5sLkEcRyreat0oLs5E,Tenz Momo Zürich Uni Irchel Food Truck,47.39739229999999,8.5494118
ChIJZYfn7FoKkEcRP4_VMAUATAE,Die Waid,47.4000281,8.515622899999999
ChIJmxyzz2MKkEcRedX3SyRvIts,Birchegg,47.4036853,8.5340963
ChIJxSZC9FkKkEcRb3GkIsb5q0g,Tessin Grotto,47.403257,8.516187
ChIJqY1HOkwKkEcRrO3y0h0h0hE,Turbinenhaus,47.3953743,8.5054118
ChIJB2ucOW8KkEcRjF-B0oYG2sI,Restaurant SAHltimbocca,47.3955232,8.5317042
ChIJeZ_hg0IKkEcRUis0AJgamGc,Chäs Egge,47.39528279999999,8.5244438
ChIJFwBC4mkKkEcRKceUKn__Wlw,Fresh Orient,47.393395,8.5242263
ChIJTyQIFWkKkEcR5LP97NhaEXU,Troja,47.3936188,8.528618699999999
ChIJRaoZN2kKkEcRYIO7pIknqc8,The Artisan,47.3937454,8.529792500000001
ChIJzb62DEYKkEcR5rMrCOUTefE,Antonio,47.392943,8.5134789
ChIJD3RIGEAKkEcR5sp9CoR-nEo,Kitchen Republic,47.3889408,8.5222619
ChIJDcm0eUAKkEcRHE6vIzhDJPY,Più Schiffbau,47.3887,8.520150000000001
ChIJKXxhOmsKkEcRgsbmlB62-Uk,Mémoire,47.3889615,8.526643800000002
ChIJnxv0CdYLkEcRWtMVWGqGFJY,aleno,47.3891599,8.515766499999998
ChIJG0clUFOnmkcRs_ybKusxBog,stattkino Zürich - Performance Filmfestival,47.3919279,8.510930499999999
ChIJs6XPEl6jmkcRDo8ItmyreG0,Flor,47.3881383,8.5177107
ChIJiQ4Iez8KkEcROx2vKtymAVA,Brisket Southern BBQ & Bar,47.3877252,8.5188032
ChIJtaRUREgKkEcRB4gR75Ei5uU,Bistro Tonino,47.3901713,8.5113302
ChIJn1qbYEgKkEcR653mMljM7mE,Ribelli Restaurant,47.3911706,8.509778200000001
ChIJxXD7ZEgKkEcRR0NeCPBan1I,Nuovo,47.3904573,8.5102879
ChIJxXD7ZEgKkEcR1f3dtFZLpqo,Route 26,47.3904831,8.5101754
ChIJ8ZyNTGsKkEcR3EEVNIgXwyw,Limmathof,47.38748500000001,8.527287
ChIJ0YuoUEgKkEcRpI39OaBrBYg,naanu,47.39083329999999,8.5091667
ChIJ6bsQNz8KkEcRYkXo1cCpLng,MAAG Halle,47.3866667,8.517222199999999
ChIJtzgzLWIKkEcR7zSvr9QBens,Cafe jeunesse,47.4041995,8.534288000000002
ChIJuwq-0kEKkEcR4TemPcjir6I,Hua,47.3902458,8.522504699999999
ChIJyyaMNz8KkEcRlFksf6xjmCw,K2,47.38648939999999,8.5164877
ChIJF0TGAEwKkEcRHgPnehASHTk,Pizzeria & Pizzakurier Rucola,47.3940327,8.505754699999999
ChIJ52NUNUgKkEcRTJagh3J3bLo,Migros Restaurant - Zürich - Herdern,47.38986149999999,8.508739699999998
ChIJ5a5hdkkKkEcRs03Y93VZ4dA,Gastronomie - Café West SIX,47.39164869999999,8.506711
ChIJ_9A0iXFzkEcRGO4MkdFBzrc,Coop to go Zürich Maagplatz,47.3859775,8.5161498
ChIJ2VrR3T4KkEcR5sC_ECTkcGI,k kiosk,47.3853787,8.516994200000001
ChIJbcvO8u0JkEcRHoX-ldCMcaI,Take Away - Zürich - Herdern,47.38985479999999,8.507382900000001
ChIJa8m33T4KkEcRBk7ku_0D4FI,Brezelkönig Bahnhof Hardbrücke,47.3853205,8.5169876
ChIJLRgPfXAKkEcRjHJG0BFcOZE,Cucina Milchbuck,47.39583499999999,8.539941799999998
ChIJMxM0MkkKkEcRuWJxkR05FTs,Cucina Bernoulli,47.39361299999999,8.5079633
ChIJV9qcQYAKkEcRyb7g2ITWt1M,Schnitzelhuus Oerlikon,47.4067639,8.550691200000001
ChIJdRYWqokKkEcRQMoHchSrRTY,Giesserei,47.4084925,8.537664699999997
ChIJt9ZBuoYKkEcRy6TJ4Syfvr8,Rolli's,47.409798,8.54649
ChIJu1DpxoYKkEcRVxklkuoG-Xc,Santa Lucia,47.4092017,8.546240599999999
ChIJaW0PioYKkEcRK4WtJ2890M8,Tres Amigos,47.4099477,8.5444297
ChIJ2WW0l4YKkEcRoAT5YsPJQx4,Cheyenne,47.4099089,8.5456486
ChIJfzHGfXoKkEcRjvn5Nej3ptA,Divini Sapori,47.396618,8.540574
ChIJa-QpRHoKkEcR7wt7e1oRiHA,k kiosk,47.397856,8.5418292
ChIJn1x0hHAKkEcRFTtlu75FTVg,Kafi Freud,47.395953,8.540606
ChIJOV2rpYAKkEcRGOSM_6uNT5g,sichtbar GEHÖRLOSE ZÜRICH,47.40606769999999,8.5472273
ChIJdTnPS34KkEcRphsKtzZw6u4,Amore Pizzeria,47.4041429,8.548363499999999
ChIJozr9KYgKkEcRleNj1NL_Zt0,Hofwiesen,47.4063214,8.5375826
ChIJrand7oYKkEcRvkrbGE9UngY,Silberkugel Oerlikon,47.4090673,8.5450844
ChIJ7wnN1oYKkEcRnLKI7hLLBvA,Ö,47.4085176,8.5463106
ChIJ3aQj6IYKkEcRVWgwh-dmkjE,Venus,47.4088922,8.5453944
ChIJ-UIMU3MKkEcRGsaEwhctBKA,Janni Pizza Zürich,47.38666000000001,8.5399283
ChIJO8kkgHAKkEcRTNFX6ZuN0as,Gonzalez,47.3962611,8.5402592
ChIJk2bCAYEKkEcRb_3kBbzc_oo,Tilia,47.40794260000001,8.549668500000001
ChIJSyIMNYEKkEcRfccC3v5guDQ,Börni's Baizli,47.4092865,8.5473314
ChIJCcE87oYKkEcRopMIb9dN0F4,Domino's Pizza Oerlikon,47.4091202,8.544899500000001
ChIJCZYePIYKkEcRx0QsnDdjAY0,Löwen Siam,47.4094379,8.542230800000002
ChIJV-So_YgKkEcRa2gJdPh3bLM,Lemon,47.40917580000001,8.5377299
ChIJvTNFyYYKkEcRyI1_ueQsD1w,tibits,47.40910689999999,8.546701699999998
ChIJ-RppE3MKkEcRplBfDTGWmIc,Differente,47.3880974,8.539038499999998
ChIJF4QNpW4KkEcRkFt_whIYdAQ,Sushi Dining Ototo,47.392551,8.530779
ChIJAQLcNYEKkEcRS9cTOw1M6SM,Jao Praya,47.4092154,8.5475242
ChIJU44Zx3kKkEcRXAFL4j3R1YM,Wild West,47.397019,8.545499999999999
ChIJM5j7GYkKkEcRvJutNqt_zZU,Gabbiano,47.40971649999999,8.5375283
ChIJX3lhtHQKkEcRqn9Qxs0HKVk,Corallo,47.38653929999999,8.541491599999997
ChIJfZ_6lmkKkEcR1ZOy7r6cjOQ,Restaurant DAMAS Wipkingen,47.3933232,8.526316999999997
ChIJp5wVhoKgmkcRKVVYJvoszy0,UZH Irchel Cafeteria,47.39734850000001,8.5482551
ChIJmdvLfXoKkEcR0hyHhk-dR9k,Hang's,47.39723959999999,8.5408561
ChIJF0gGQlcLkEcRfWh6dEhosC8,Züri Bistro Milchbuck,47.396475,8.540940899999999
ChIJHTHYbougmkcR3ARFs2XHfvg,Wirtschaft Ziegelhütte,47.3995459,8.5726094
ChIJx8S7MGCgmkcR9xCGSIP3B78,Rodi,47.4044482,8.5734698
ChIJz_0of4qgmkcRir2eQjzKYEc,Migros Restaurant - Zürich - Schwamendingen,47.4040308,8.5730192
ChIJG9C1LWCgmkcRYwd4VVZXwps,Blume,47.4041688,8.5733116
ChIJm8pdsICgmkcR2k1wplCUD94,Taverna Apollo,47.40403509999999,8.5571611
ChIJafuZ1oahmkcRImX6ZIM45UU,Cafeteria UZH Tierspital,47.40041890000001,8.552552700000001
ChIJPWnI8NShmkcRPcRt2gWOHUw,Din Balkaner,47.40413359999999,8.557158600000001
ChIJea00OoqhmkcR17rruZA9X9A,Afzal Pizza (Zürich),47.4027639,8.5534694
ChIJM6HViFyhmkcR1PyWSbLxueI,Pizzeria La Fammy,47.4024064,8.552736099999999
ChIJqTLRiLGhmkcRW0ZLusUDQj8,Tayyeb Burger Zürich,47.40375270000001,8.5683331
ChIJl_uwavChmkcRMVb9EG32IXE,UNO Züri,47.40238749999999,8.5525798
ChIJwSjjCwChmkcRoQuReEQtwyI,Pizza la regina zurich,47.40238749999999,8.5525798
ChIJgx0ChlOhmkcRMKBNmcWumwg,Indian Restaurant Garhwal,47.4040471,8.568011199999999
ChIJGS5HyZShmkcRs7viAcbFTm8,Pizza Kurier Doro,47.4048925,8.5559171
ChIJ28c2-cChmkcRcV0NoTP2ZYI,Verein Food & Kultur,47.4065137,8.5596189
ChIJMzIH2GGgmkcRjFWTx4gHP5U,Imbiss Istanbul,47.403783,8.572143
ChIJOz0jdq6hmkcRehhj9yS7a_k,Gasthof Hirschen,47.40405550000001,8.571754299999998
ChIJ412-PwChmkcRnmEKd3fsWDk,Casa di Fil,47.4057903,8.554702899999999
ChIJD0ysBnKhmkcRVNns-8E0Vew,Yakamoz,47.4051735,8.570536400000002
ChIJxXo3blShmkcR8kls1tQyogY,k kiosk,47.4040381,8.5728039
ChIJ2YyMsQGhmkcRWwqA1UTq9ew,k kiosk,47.4048457,8.571664600000002
ChIJjzO5jWGgmkcRpuqOqnOrbho,Saatlen Pub,47.4052637,8.570902499999999
ChIJHxmIw2GgmkcRbfU84VqdI5Q,SchwamEdinge,47.4049355,8.5721816
ChIJ435hKQChmkcRlaI6VkOmsc4,Pavillon S,47.40725339999999,8.566018
ChIJm_8cwqWhmkcRlcYVm69I5A8,Bei Fouad,47.40395669999999,8.5739959
ChIJhUYuaQALkEcRqAxyl7HvB-4,Com Que by Thao's Banh Mi,47.40240499999999,8.5476859
ChIJF71CN6wLkEcR68eTVOcxwTU,"""Gottfried""s Keller",47.4035011,8.5484628
ChIJ7yipSWOgmkcRJ6THswTQxsI,Dreispitz,47.4080678,8.565666199999999
